{
  "total_requis": 558,
  "total_est_min": 21264,
  "total_est_max": 32288,
  "modules": {
    "COM": {
      "name": "Communication",
      "sections": 15,
      "nb_requis": 115,
      "est_min": 2928,
      "est_max": 4544,
      "avg_prio": 6.469565217391304,
      "avg_complex": 6.069565217391304,
      "prio_10": 17,
      "prio_9": 5,
      "complex_9_10": 4
    },
    "HOR": {
      "name": "Gestion des Horaires",
      "sections": 11,
      "nb_requis": 88,
      "est_min": 2688,
      "est_max": 4260,
      "avg_prio": 6.965909090909091,
      "avg_complex": 6.693181818181818,
      "prio_10": 28,
      "prio_9": 5,
      "complex_9_10": 14
    },
    "GES": {
      "name": "Gestionnaire (RH)",
      "sections": 9,
      "nb_requis": 109,
      "est_min": 3240,
      "est_max": 5092,
      "avg_prio": 6.761467889908257,
      "avg_complex": 6.440366972477064,
      "prio_10": 29,
      "prio_9": 0,
      "complex_9_10": 16
    },
    "ADM": {
      "name": "Administration (Core)",
      "sections": 7,
      "nb_requis": 84,
      "est_min": 4244,
      "est_max": 6324,
      "avg_prio": 6.321428571428571,
      "avg_complex": 7.369047619047619,
      "prio_10": 21,
      "prio_9": 0,
      "complex_9_10": 26
    },
    "BET": {
      "name": "Bien-être Employés",
      "sections": 2,
      "nb_requis": 145,
      "est_min": 7380,
      "est_max": 10852,
      "avg_prio": 6.496551724137931,
      "avg_complex": 7.303448275862069,
      "prio_10": 5,
      "prio_9": 10,
      "complex_9_10": 40
    },
    "PAY": {
      "name": "Paie et Comptabilité",
      "sections": 1,
      "nb_requis": 17,
      "est_min": 784,
      "est_max": 1216,
      "avg_prio": 9.352941176470589,
      "avg_complex": 7.705882352941177,
      "prio_10": 14,
      "prio_9": 0,
      "complex_9_10": 7
    }
  }
}